cale_date,sePmo,seNmo,segm
1983-01-15,157.5,1165,Segment 1
1983-01-15,75,970,Segment 2
1983-01-15,50,880,Segment 3
1983-01-15,100,1140,Segment 4
1983-02-15,145,835,Segment 1
1983-02-15,85,1075,Segment 2
1983-02-15,60,820,Segment 3
1983-02-15,140,970,Segment 4
1983-03-15,135,795,Segment 1
1983-03-15,90,920,Segment 2
1983-03-15,60,1010,Segment 3
1983-03-15,80,1030,Segment 4
1983-04-15,116.66666666666667,726.6666666666666,Segment 1
1983-04-15,75,795,Segment 2
1983-04-15,70,800,Segment 3
1983-04-15,80,1130,Segment 4
1983-05-15,77.5,662.5,Segment 1
1983-05-15,80,740,Segment 2
1983-05-15,NaN,NaN,Segment 3
1983-05-15,NaN,NaN,Segment 4
1983-06-15,117.5,872.5,Segment 1
1983-06-15,55,475,Segment 2
1983-06-15,40,440,Segment 3
1983-06-15,90,720,Segment 4
1983-07-15,173.75,781.875,Segment 1
1983-07-15,65,537.5,Segment 2
1983-07-15,40,410,Segment 3
1983-07-15,120,620,Segment 4
1983-08-15,157.5,997.5,Segment 1
1983-08-15,75,577.5,Segment 2
1983-08-15,60,405,Segment 3
1983-08-15,120,710,Segment 4
1983-09-15,192.5,1427.5,Segment 1
1983-09-15,60,555,Segment 2
1983-09-15,40,405,Segment 3
1983-09-15,60,430,Segment 4
1983-10-15,235,2000,Segment 1
1983-10-15,76.66666666666667,850,Segment 2
1983-10-15,60,710,Segment 3
1983-10-15,70,830,Segment 4
1983-11-15,305,2400,Segment 1
1983-11-15,80,1293.3333333333333,Segment 2
1983-11-15,60,860,Segment 3
1983-11-15,130,1320,Segment 4
1983-12-15,185,1112.5,Segment 1
1983-12-15,105,1325,Segment 2
1983-12-15,110,1140,Segment 3
1983-12-15,180,1030,Segment 4
1984-01-15,180,900,Segment 1
1984-01-15,165,955,Segment 2
1984-01-15,70,980,Segment 3
1984-01-15,90,1120,Segment 4
1984-03-15,162.5,891.25,Segment 1
1984-03-15,122.5,837.5,Segment 2
1984-03-15,95,875,Segment 3
1984-03-15,170,1040,Segment 4
1984-04-15,126.66666666666667,793.3333333333334,Segment 1
1984-04-15,115,715,Segment 2
1984-04-15,80,710,Segment 3
1984-04-15,150,780,Segment 4
1984-05-15,125,495,Segment 1
1984-05-15,105,740,Segment 2
1984-05-15,50,650,Segment 3
1984-05-15,170,1250,Segment 4
1984-06-15,140,580,Segment 1
1984-06-15,50,405,Segment 2
1984-06-15,60,410,Segment 3
1984-06-15,110,777.5,Segment 4
1984-07-15,127.5,707.5,Segment 1
1984-07-15,95,812.5,Segment 2
1984-07-15,120,405,Segment 3
1984-07-15,140,820,Segment 4
1984-08-15,176.66666666666666,710,Segment 1
1984-08-15,60,457.5,Segment 2
1984-08-15,50,505,Segment 3
1984-08-15,60,405,Segment 4
1984-09-15,132.5,692.5,Segment 1
1984-09-15,70,597.5,Segment 2
1984-09-15,50,610,Segment 3
1984-09-15,80,780,Segment 4
1984-10-15,97.5,895,Segment 1
1984-10-15,55,590,Segment 2
1984-10-15,30,480,Segment 3
1984-10-15,50,570,Segment 4
1984-11-15,77.5,1332.5,Segment 1
1984-11-15,80,915,Segment 2
1984-11-15,40,610,Segment 3
1984-11-15,110,1030,Segment 4
1984-12-15,155,1635,Segment 1
1984-12-15,125,935,Segment 2
1984-12-15,70,810,Segment 3
1984-12-15,230,1180,Segment 4
1985-02-15,140,1230,Segment 1
1985-02-15,80,950,Segment 2
1985-02-15,80,820,Segment 3
1985-02-15,130,1020,Segment 4
1985-03-15,172.5,1200,Segment 1
1985-03-15,60,810,Segment 3
1985-03-15,140,1240,Segment 4
1985-04-15,145,955,Segment 1
1985-04-15,60,680,Segment 3
1985-04-15,110,810,Segment 4
1985-05-15,185,852.5,Segment 1
1985-05-15,50,430,Segment 3
1985-05-15,150,850,Segment 4
1985-06-15,155,765,Segment 1
1985-06-15,100,705,Segment 2
1985-06-15,40,577.5,Segment 3
1985-06-15,193.33333333333334,780,Segment 4
1985-07-15,150,905,Segment 1
1985-07-15,70,505,Segment 2
1985-07-15,35,455,Segment 3
1985-07-15,100,607.5,Segment 4
1985-08-15,105,605,Segment 1
1985-08-15,40,605,Segment 3
1985-08-15,90,605,Segment 4
1985-09-15,100,655,Segment 1
1985-09-15,40,600,Segment 3
1985-09-15,50,640,Segment 4
1985-10-15,100,765,Segment 1
1985-10-15,50,650,Segment 3
1985-10-15,70,920,Segment 4
1985-11-15,110,895,Segment 1
1985-11-15,80,890,Segment 3
1985-11-15,100,970,Segment 4
1985-12-15,145,875,Segment 1
1985-12-15,60,990,Segment 3
1985-12-15,80,1110,Segment 4
1986-01-15,120,1090,Segment 1
1986-01-15,50,1010,Segment 3
1986-01-15,190,1500,Segment 4
1986-02-15,215,1565,Segment 1
1986-02-15,50,930,Segment 3
1986-02-15,270,1300,Segment 4
1986-03-15,175,975,Segment 1
1986-03-15,60,820,Segment 3
1986-03-15,130,960,Segment 4
1986-04-15,155,730,Segment 1
1986-04-15,50,490,Segment 3
1986-04-15,100,590,Segment 4
1986-05-15,130,820,Segment 1
1986-05-15,50,620,Segment 3
1986-05-15,180,910,Segment 4
1986-06-15,130,810,Segment 1
1986-06-15,30,505,Segment 3
1986-06-15,240,900,Segment 4
1986-07-15,245,1095,Segment 1
1986-07-15,195,1112.5,Segment 3
1986-07-15,100,505,Segment 4
1986-08-15,270,1075,Segment 1
1986-08-15,40,605,Segment 3
1986-08-15,100,610,Segment 4
1986-09-15,145,857.5,Segment 1
1986-09-15,35,915,Segment 3
1986-09-15,150,1105,Segment 4
1986-10-15,285,1800,Segment 1
1986-10-15,60,940,Segment 3
1986-10-15,110,1110,Segment 4
1986-11-15,675,4600,Segment 1
1986-11-15,30,1080,Segment 3
1986-11-15,190,1400,Segment 4
1986-12-15,445,3750,Segment 1
1986-12-15,120,1430,Segment 3
1986-12-15,350,1600,Segment 4
1987-01-15,250,2300,Segment 1
1987-01-15,190,1510,Segment 3
1987-01-15,220,1550,Segment 4
1987-02-15,235,1200,Segment 1
1987-02-15,NaN,NaN,Segment 2
1987-02-15,90,1150,Segment 3
1987-02-15,190,1180,Segment 4
1987-03-15,185,770,Segment 1
1987-03-15,110,740,Segment 3
1987-03-15,150,960,Segment 4
1987-04-15,150,645,Segment 1
1987-04-15,60,740,Segment 3
1987-04-15,170,930,Segment 4
1987-05-15,115,505,Segment 1
1987-05-15,40,520,Segment 3
1987-05-15,100,730,Segment 4
1987-06-15,120,605,Segment 1
1987-06-15,50,405,Segment 3
1987-06-15,200,605,Segment 4
1987-08-15,NaN,NaN,Segment 1
1987-08-15,30,405,Segment 3
1987-08-15,60,805,Segment 4
1987-09-15,50,805,Segment 3
1987-09-15,140,780,Segment 4
1987-10-15,NaN,NaN,Segment 1
1987-10-15,80,830,Segment 3
1987-10-15,100,980,Segment 4
1988-04-15,NaN,NaN,Segment 1
1988-04-15,80,890,Segment 3
1988-04-15,160,1050,Segment 4
1988-06-15,NaN,NaN,Segment 1
1988-06-15,NaN,NaN,Segment 3
1988-06-15,NaN,NaN,Segment 4
1988-08-15,NaN,NaN,Segment 1
1988-08-15,NaN,NaN,Segment 3
1988-08-15,70,610,Segment 4
1988-09-15,NaN,NaN,Segment 1
1988-09-15,50,610,Segment 3
1988-09-15,100,880,Segment 4
1988-10-15,70,630,Segment 3
1988-10-15,110,1100,Segment 4
1989-04-15,105,595,Segment 1
1989-04-15,60,670,Segment 3
1989-04-15,80,800,Segment 4
1989-06-15,140,607.5,Segment 1
1989-06-15,30,410,Segment 3
1989-06-15,140,910,Segment 4
1989-08-15,85,655,Segment 1
1989-08-15,40,410,Segment 3
1989-08-15,100,800,Segment 4
1989-09-15,100,705,Segment 1
1989-09-15,70,605,Segment 3
1989-09-15,60,505,Segment 4
1989-10-15,95,715,Segment 1
1989-10-15,80,580,Segment 3
1989-10-15,60,680,Segment 4
1990-04-15,125,645,Segment 1
1990-04-15,60,680,Segment 3
1990-04-15,100,910,Segment 4
1990-06-15,120,505,Segment 1
1990-06-15,40,630,Segment 3
1990-06-15,60,790,Segment 4
1990-08-15,130,705,Segment 1
1990-08-15,30,405,Segment 3
1990-08-15,60,505,Segment 4
1990-09-15,175,972.5,Segment 1
1990-09-15,30,505,Segment 3
1990-09-15,50,605,Segment 4
1990-10-15,95,757.5,Segment 1
1990-10-15,90,1110,Segment 3
1990-10-15,130,1080,Segment 4
1991-04-15,95,710,Segment 1
1991-04-15,40,610,Segment 3
1991-04-15,60,850,Segment 4
1991-08-15,105,705,Segment 1
1991-08-15,20,405,Segment 3
1991-08-15,30,505,Segment 4
1992-08-15,70,755,Segment 1
1992-08-15,20,530,Segment 3
1992-08-15,50,640,Segment 4
1993-06-15,NaN,NaN,Segment 4
1993-08-15,NaN,NaN,Segment 4
1993-09-15,125,660,Segment 1
1993-09-15,30,370,Segment 3
1993-09-15,40,590,Segment 4
1994-08-15,50,655,Segment 1
1994-08-15,20,605,Segment 3
1994-08-15,40,605,Segment 4
1996-05-15,65,690,Segment 1
1996-05-15,20,660,Segment 3
1996-05-15,40,580,Segment 4
1996-06-15,95,600,Segment 1
1996-06-15,20,430,Segment 3
1996-06-15,40,670,Segment 4
1996-07-15,85,555,Segment 1
1996-07-15,20,405,Segment 3
1996-07-15,40,305,Segment 4
1996-08-15,85,405,Segment 1
1996-08-15,30,605,Segment 3
1996-08-15,40,705,Segment 4
1996-09-15,170,605,Segment 1
1996-09-15,60,500,Segment 3
1996-09-15,60,550,Segment 4
2000-05-15,85,680,Segment 1
2000-05-15,30,505,Segment 2
2000-05-15,23.333333333333332,271.6666666666667,Segment 3
2000-05-15,40,310,Segment 4
2000-06-15,83.75,569.5833333333334,Segment 1
2000-06-15,48.33333333333333,530,Segment 2
2000-06-15,24.166666666666664,514.1666666666667,Segment 3
2000-06-15,75,792.5,Segment 4
2000-07-15,81.66666666666667,541.3541666666667,Segment 1
2000-07-15,26.666666666666668,342.5,Segment 2
2000-07-15,20,405,Segment 3
2000-07-15,62.5,455,Segment 4
2000-08-15,95.83333333333333,631.25,Segment 1
2000-08-15,34.166666666666664,504.99999999999994,Segment 2
2000-08-15,20.833333333333336,456.25,Segment 3
2000-08-15,32.5,486.25,Segment 4
2000-09-15,44.16666666666667,480,Segment 1
2000-09-15,18.75,505.625,Segment 2
2000-09-15,20.833333333333332,501.6666666666667,Segment 3
2000-09-15,55,725,Segment 4
2000-10-15,82.08333333333334,535.4166666666667,Segment 1
2000-10-15,49.16666666666667,335.83333333333337,Segment 2
2000-10-15,38.333333333333336,532.5,Segment 3
2000-10-15,50,505,Segment 4
2000-11-15,108.75,576.25,Segment 1
2000-11-15,70,551.6666666666667,Segment 2
2000-11-15,48.333333333333336,591.6666666666666,Segment 3
2000-11-15,50,780,Segment 4
2000-12-15,72.5,1262.5,Segment 1
2000-12-15,61.66666666666667,1004.1666666666666,Segment 2
2000-12-15,53.333333333333336,643.0555555555555,Segment 3
2000-12-15,85,1020,Segment 4
2001-01-15,97.5,1410,Segment 1
2001-01-15,68.33333333333333,991.6666666666666,Segment 2
2001-01-15,51.666666666666664,893.3333333333334,Segment 3
2001-01-15,100,1400,Segment 4
2001-02-15,NaN,NaN,Segment 1
2001-02-15,NaN,NaN,Segment 2
2001-02-15,NaN,NaN,Segment 3
2001-02-15,NaN,NaN,Segment 4
2001-04-15,127.08333333333334,393.75,Segment 1
2001-04-15,50,486.6666666666667,Segment 2
2001-04-15,50,608.3333333333334,Segment 3
2001-04-15,50,560,Segment 4
2001-05-15,83.95833333333334,450.41666666666663,Segment 1
2001-05-15,50,656.6666666666666,Segment 2
2001-05-15,50,507.5,Segment 3
2001-05-15,50,463.75,Segment 4
2001-06-15,98.95833333333333,930.8333333333334,Segment 1
2001-06-15,31.25,706.6666666666666,Segment 2
2001-06-15,25.833333333333332,611.6666666666667,Segment 3
2001-06-15,57.5,770,Segment 4
2001-07-15,116.25,847.7083333333335,Segment 1
2001-07-15,36.25,605,Segment 2
2001-07-15,23.333333333333336,679.1666666666666,Segment 3
2001-07-15,47.5,680,Segment 4
2001-08-15,101.25,1212.0833333333333,Segment 1
2001-08-15,38.75,728.75,Segment 2
2001-08-15,20.833333333333336,520,Segment 3
2001-08-15,52.5,750,Segment 4
2001-09-15,125.83333333333334,935.625,Segment 1
2001-09-15,49.16666666666667,692.0833333333333,Segment 2
2001-09-15,32.5,613.3333333333333,Segment 3
2001-09-15,47.5,840,Segment 4
2001-10-15,55.83333333333333,1032.9166666666667,Segment 1
2001-10-15,34.16666666666667,737.5,Segment 2
2001-10-15,30,739.1666666666666,Segment 3
2001-10-15,50,955,Segment 4
2001-11-15,87.5,1105.625,Segment 1
2001-11-15,60,783.3333333333334,Segment 2
2001-11-15,45,758.3333333333334,Segment 3
2001-11-15,55,815,Segment 4
2003-06-15,110,910,Segment 1
2003-06-15,50,830,Segment 2
2003-06-15,50,710,Segment 3
2003-06-15,50,700,Segment 4
2003-07-15,95,860,Segment 1
2003-07-15,40,615,Segment 2
2003-07-15,40,675,Segment 3
2003-07-15,60,810,Segment 4
2003-08-15,100,1105,Segment 1
2003-08-15,50,585,Segment 2
2003-08-15,40,585,Segment 3
2003-08-15,70,850,Segment 4
2005-01-15,95,1390,Segment 1
2005-01-15,50,1100.00002,Segment 2
2005-01-15,50,1060.00003,Segment 3
2005-01-15,70,1169.99996,Segment 4
2005-02-15,125,1635.00002,Segment 1
2005-02-15,80,1310,Segment 2
2005-02-15,60,NaN,Segment 3
2005-02-15,80,1379.9999900000003,Segment 4
2005-03-15,130,1490.00001,Segment 1
2005-03-15,80,1360.00001,Segment 2
2005-03-15,60,1099.99996,Segment 3
2005-03-15,80,1229.99999,Segment 4
2005-04-15,100,1200.000035,Segment 1
2005-04-15,60,1030,Segment 2
2005-04-15,60,920.00001,Segment 3
2005-04-15,80,1019.99996,Segment 4
2005-05-15,110,1067.50002,Segment 1
2005-05-15,40,810.0000100000001,Segment 2
2005-05-15,60,969.9999799999999,Segment 3
2005-05-15,100,1129.99999,Segment 4
2005-06-15,110,1217.499985,Segment 1
2005-06-15,40,685.00001,Segment 2
2005-06-15,30,704.99999,Segment 3
2005-06-15,50,805.00001,Segment 4
2005-07-15,105,1155.000035,Segment 1
2005-07-15,50,695,Segment 2
2005-07-15,40,635,Segment 3
2005-07-15,70,1139.99999,Segment 4
2005-08-15,105,1155.000035,Segment 1
2005-08-15,40,665.0000299999999,Segment 2
2005-08-15,40,514.99999,Segment 3
2005-08-15,40,685.00001,Segment 4
2005-10-15,160.000005,1322.5,Segment 1
2005-10-15,60,784.99997,Segment 2
2005-10-15,50,605.00002,Segment 3
2005-10-15,60,1039.99997,Segment 4
2005-11-15,140,1122.500015,Segment 1
2005-11-15,60,850,Segment 2
2005-11-15,40,840.00001,Segment 3
2005-11-15,60,1220.0000300000002,Segment 4
2005-12-15,90,1004.99997,Segment 1
2005-12-15,50,879.9999799999999,Segment 2
2005-12-15,70,1389.99999,Segment 3
2005-12-15,130,1380.0000599999998,Segment 4
2006-01-15,85,1145.000025,Segment 1
2006-01-15,60,1039.9999899999998,Segment 2
2006-01-15,70,1210.00004,Segment 3
2006-01-15,70,1560,Segment 4
2006-02-15,80,1154.9999899999998,Segment 1
2006-02-15,40,960.00001,Segment 2
2006-02-15,40,980.0000100000001,Segment 3
2006-02-15,40,1190,Segment 4
2006-03-15,105,1155.000035,Segment 1
2006-03-15,60,930.0000100000001,Segment 2
2006-03-15,50,870.00001,Segment 3
2006-03-15,50,1139.9999899999998,Segment 4
2006-04-15,135.000005,1155.000035,Segment 1
2006-04-15,40,615.0000100000001,Segment 2
2006-04-15,40,530,Segment 3
2006-04-15,70,929.9999799999998,Segment 4
2006-05-15,65,1045.0000249999998,Segment 1
2006-05-15,50,809.9999899999999,Segment 2
2006-05-15,40,760.00001,Segment 3
2006-05-15,60,1100.00002,Segment 4
2006-06-15,115,854.999995,Segment 1
2006-06-15,50,584.9999799999999,Segment 2
2006-06-15,40,505,Segment 3
2006-06-15,80,859.99999,Segment 4
2006-07-15,115,1055.00001,Segment 1
2006-07-15,70,844.9999700000001,Segment 2
2006-07-15,40,565,Segment 3
2006-07-15,60,704.99999,Segment 4
2006-08-15,110,1055.00001,Segment 1
2006-08-15,50,735.00002,Segment 2
2006-08-15,50,665.0000299999999,Segment 3
2006-08-15,40,644.9999899999999,Segment 4
2006-09-15,95,1040,Segment 1
2006-09-15,50,774.99998,Segment 2
2006-09-15,40,730.00001,Segment 3
2006-09-15,60,809.9999899999999,Segment 4
2006-10-15,75,1015.00002,Segment 1
2006-10-15,50,784.99997,Segment 2
2006-10-15,40,644.9999899999999,Segment 3
2006-10-15,50,780.00002,Segment 4
2006-11-15,90,887.5,Segment 1
2006-11-15,30,815,Segment 2
2006-11-15,40,899.99997,Segment 3
2006-11-15,NaN,NaN,Segment 4
2006-12-15,100,1049.999985,Segment 1
2006-12-15,80,890.0000200000001,Segment 2
2006-12-15,70,860,Segment 3
2006-12-15,70,950.0000100000001,Segment 4
2007-01-15,115,1254.9999950000001,Segment 1
2007-01-15,70,1110.00001,Segment 2
2007-01-15,60,950.00002,Segment 3
2007-01-15,60,969.9999700000001,Segment 4
2007-02-15,110,1200,Segment 1
2007-02-15,80,1109.99998,Segment 2
2007-02-15,50,980.00002,Segment 3
2007-02-15,60,979.9999899999999,Segment 4
2007-03-15,145,1195.000025,Segment 1
2007-03-15,70,1040.00002,Segment 2
2007-03-15,60,980.00002,Segment 3
2007-03-15,130,1209.99998,Segment 4
2007-04-15,80,840.000005,Segment 1
2007-04-15,60,790.0000100000001,Segment 2
2007-04-15,160,1140.00001,Segment 3
2007-04-15,180.00000999999997,1199.99999,Segment 4
2007-05-15,100,980.000025,Segment 1
2007-05-15,50,665.0000299999999,Segment 2
2007-05-15,40,719.9999899999999,Segment 3
2007-05-15,50,880,Segment 4
2007-06-15,105,1155.000035,Segment 1
2007-06-15,40,675.0000200000001,Segment 2
2007-06-15,30,644.9999899999999,Segment 3
2007-06-15,60,870.00002,Segment 4
2007-07-15,125,1255,Segment 1
2007-07-15,50,784.99997,Segment 2
2007-07-15,30,605.00002,Segment 3
2007-07-15,60,704.99999,Segment 4
2007-08-15,140.000005,1354.999965,Segment 1
2007-08-15,50,865.0000100000001,Segment 2
2007-08-15,30,695,Segment 3
2007-08-15,50,675.0000200000001,Segment 4
2007-09-15,180,1734.999965,Segment 1
2007-09-15,60,834.9999799999999,Segment 2
2007-09-15,40,774.99998,Segment 3
2007-09-15,40,644.9999899999999,Segment 4
2007-10-15,165,1204.999985,Segment 1
2007-10-15,60,725.00003,Segment 2
2007-10-15,40,605.00002,Segment 3
2007-10-15,60,605.00002,Segment 4
2007-11-15,110,1490,Segment 1
2007-11-15,60,1049.99999,Segment 2
2007-11-15,50,1060.00003,Segment 3
2007-11-15,50,1620,Segment 4
2007-12-15,105,1484.9999950000001,Segment 1
2007-12-15,60,1069.99999,Segment 2
2007-12-15,60,1040.00002,Segment 3
2007-12-15,40,1519.99998,Segment 4
2008-01-15,120,1774.999945,Segment 1
2008-01-15,50,1299.99998,Segment 2
2008-01-15,70,1389.9999899999998,Segment 3
2008-01-15,90,1900.0000400000001,Segment 4
2008-02-15,110,1825.00005,Segment 1
2008-02-15,50,1209.99998,Segment 2
2008-02-15,50,1240,Segment 3
2008-02-15,70,1730.00002,Segment 4
2008-03-15,145,1520,Segment 1
2008-03-15,50,1090,Segment 2
2008-03-15,60,1289.99996,Segment 3
2008-03-15,110,1469.9999699999998,Segment 4
2008-04-15,125.000005,1330.00005,Segment 1
2008-04-15,60,1099.9999799999998,Segment 2
2008-04-15,80,1259.99999,Segment 3
2008-04-15,180.00000999999997,1470.00002,Segment 4
2008-05-15,130,1074.9999699999998,Segment 1
2008-05-15,80,1080,Segment 2
2008-05-15,40,900.00002,Segment 3
2008-05-15,60,1009.99997,Segment 4
2008-06-15,100,1005.0000050000001,Segment 1
2008-06-15,40,719.9999799999999,Segment 2
2008-06-15,30,670.0000299999999,Segment 3
2008-06-15,50,760.00003,Segment 4
2008-07-15,110,1160.000035,Segment 1
2008-07-15,40,740.00002,Segment 2
2008-07-15,NaN,NaN,Segment 3
2008-07-15,40,700,Segment 4
2008-08-15,125,1260,Segment 1
2008-08-15,50,820,Segment 2
2008-08-15,30,649.9999899999999,Segment 3
2008-08-15,40,630,Segment 4
2008-09-15,90,1085,Segment 1
2008-09-15,50,869.9999899999999,Segment 2
2008-09-15,50,930.0000200000001,Segment 3
2008-09-15,50,950.00003,Segment 4
2009-04-15,145.000005,1110.00002,Segment 1
2009-04-15,90,959.99999,Segment 2
2009-04-15,80,910,Segment 3
2009-04-15,90,1020.00001,Segment 4
2009-07-15,170.000005,1409.999975,Segment 1
2009-07-15,60,860.00002,Segment 2
2009-07-15,30,649.9999899999999,Segment 3
2009-07-15,40,700,Segment 4
2009-08-15,148.75000624999998,1472.4999925000002,Segment 1
2009-08-15,55,830.00002,Segment 2
2009-08-15,40,695,Segment 3
2009-08-15,52.5,825.0000125,Segment 4
2009-09-15,170.000005,1502.4999925000002,Segment 1
2009-09-15,55,944.9999925,Segment 2
2009-09-15,40,895.00002,Segment 3
2009-09-15,52.5,847.5000075,Segment 4
2009-10-15,165,1744.99998,Segment 1
2009-10-15,60,920,Segment 2
2009-10-15,50,920,Segment 3
2009-10-15,65,1359.99998,Segment 4
2009-11-15,115,1080.00001,Segment 1
2009-11-15,50,910,Segment 2
2009-11-15,40,1160.00001,Segment 3
2009-11-15,65,1629.9999950000001,Segment 4
2009-12-15,100,1044.999985,Segment 1
2009-12-15,60,1080.00001,Segment 2
2009-12-15,50,1179.99995,Segment 3
2009-12-15,140.000005,1189.9999825,Segment 4
2010-01-15,90,1440,Segment 1
2010-01-15,70,1090,Segment 2
2010-01-15,50,1140,Segment 3
2010-01-15,137.5,1352.5,Segment 4
2010-02-15,70,1060,Segment 1
2010-02-15,60,1190,Segment 2
2010-02-15,60,1070,Segment 3
2010-02-15,70,1040,Segment 4
2010-03-15,70,1430,Segment 1
2010-03-15,60,1040,Segment 2
2010-03-15,60,1020,Segment 3
2010-03-15,60,1150,Segment 4
2010-04-15,107.5,NaN,Segment 1
2010-04-15,60,NaN,Segment 2
2010-04-15,50,NaN,Segment 3
2010-04-15,50,740,Segment 4
2010-05-15,100,1152.5,Segment 1
2010-05-15,40,842.5,Segment 2
2010-05-15,35,875,Segment 3
2010-05-15,75,1370,Segment 4
2010-06-15,72.5,935,Segment 1
2010-06-15,30,710,Segment 2
2010-06-15,25,615,Segment 3
2010-06-15,50,825,Segment 4
2010-07-15,117.5,1385,Segment 1
2010-07-15,30,635,Segment 2
2010-07-15,20,565,Segment 3
2010-07-15,50,926.25,Segment 4
2010-08-15,136.25,1235,Segment 1
2010-08-15,40,685,Segment 2
2010-08-15,30,555,Segment 3
2010-08-15,45,790,Segment 4
2010-09-15,110,1172.5,Segment 1
2010-09-15,40,750,Segment 2
2010-09-15,30,655,Segment 3
2010-09-15,37.5,737.5,Segment 4
2010-10-15,90,895,Segment 1
2010-10-15,50,805,Segment 2
2010-10-15,40,950,Segment 3
2010-10-15,65,1205,Segment 4
2010-11-15,55,930,Segment 1
2010-11-15,40,720,Segment 2
2010-11-15,40,900,Segment 3
2010-11-15,45,1065,Segment 4
2010-12-15,55,900,Segment 1
2010-12-15,40,820,Segment 2
2010-12-15,40,900,Segment 3
2010-12-15,40,1395,Segment 4
2011-01-15,40,1105,Segment 1
2011-01-15,30,840,Segment 2
2011-01-15,30,820,Segment 3
2011-01-15,NaN,NaN,Segment 4
2011-02-15,70,1320,Segment 1
2011-02-15,40,890,Segment 2
2011-02-15,30,830,Segment 3
2011-02-15,50,1320,Segment 4
2011-03-15,75,1175,Segment 1
2011-03-15,40,940,Segment 2
2011-03-15,30,850,Segment 3
2011-03-15,85,1355,Segment 4
2011-04-15,95,1345,Segment 1
2011-04-15,50,920,Segment 2
2011-04-15,40,870,Segment 3
2011-04-15,110,1250,Segment 4
2011-05-15,100,1091.25,Segment 1
2011-05-15,35,900,Segment 2
2011-05-15,30,850,Segment 3
2011-05-15,47.5,1130,Segment 4
2011-06-15,77.5,1000,Segment 1
2011-06-15,30,715,Segment 2
2011-06-15,20,625,Segment 3
2011-06-15,37.5,895,Segment 4
2011-07-15,115,1470,Segment 1
2011-07-15,35,760,Segment 2
2011-07-15,20,625,Segment 3
2011-07-15,55,1040.625,Segment 4
2011-08-15,135,1527.5,Segment 1
2011-08-15,35,970,Segment 2
2011-08-15,25,715,Segment 3
2011-08-15,37.5,842.5,Segment 4
2011-09-15,137.5,1502.5,Segment 1
2011-09-15,55,975,Segment 2
2011-09-15,35,850,Segment 3
2011-09-15,40,820,Segment 4
2011-10-15,105,1295,Segment 1
2011-10-15,60,945,Segment 2
2011-10-15,40,850,Segment 3
2011-10-15,55,1480,Segment 4
2011-11-15,70,1017.5,Segment 1
2011-11-15,45,935,Segment 2
2011-11-15,40,1070,Segment 3
2011-11-15,65,1305,Segment 4
2011-12-15,75,1095,Segment 1
2011-12-15,50,1050,Segment 2
2011-12-15,50,1220,Segment 3
2011-12-15,70,1310,Segment 4
2012-01-15,NaN,1460.0000345,Segment 1
2012-01-15,NaN,1110,Segment 2
2012-01-15,NaN,1150.000006,Segment 3
2012-01-15,NaN,1310.0000025,Segment 4
2012-02-15,90.00000399999999,1520.0000260000002,Segment 1
2012-02-15,50.000001000000005,1069.999993,Segment 2
2012-02-15,29.999999,999.9999999999999,Segment 3
2012-02-15,39.999999,1327.5000005,Segment 4
2012-03-15,90.00000399999999,1260,Segment 1
2012-03-15,39.999999,760,Segment 2
2012-03-15,29.999999,880.0000100000001,Segment 3
2012-03-15,55,1275.00000625,Segment 4
2012-04-15,109.999999,1110.0000240000002,Segment 1
2012-04-15,51.66666633333333,1009.999998,Segment 2
2012-04-15,39.999999,860.000015,Segment 3
2012-04-15,55,1059.9999874999999,Segment 4
2012-05-15,91.25000175,1060.000012,Segment 1
2012-05-15,39.6249995,874.999999,Segment 2
2012-05-15,29.999999,804.9999905000001,Segment 3
2012-05-15,57.49999925,1162.4999945,Segment 4
2012-06-15,92.50000349999999,1090.00002825,Segment 1
2012-06-15,36.1249995,697.5,Segment 2
2012-06-15,24.9999995,690.0000069999999,Segment 3
2012-06-15,39.9999995,807.4999929999999,Segment 4
2012-07-15,124.999998,1260.00003,Segment 1
2012-07-15,39.8749995,875.00001,Segment 2
2012-07-15,34.999999,787.5000185000001,Segment 3
2012-07-15,54.99999975,852.49999,Segment 4
2012-08-15,127.50000125,1309.9999520000001,Segment 1
2012-08-15,43.3999996,839.9999835,Segment 2
2012-08-15,24.9999995,665.000001,Segment 3
2012-08-15,47.4999995,858.750001875,Segment 4
2012-09-15,108.7499995,1185.000042,Segment 1
2012-09-15,46.1249995,879.999975,Segment 2
2012-09-15,39.999999,859.999984,Segment 3
2012-09-15,72.49999975,984.9999955,Segment 4
2012-10-15,64.99999975,1007.50000125,Segment 1
2012-10-15,45.33333316666667,899.9999929999999,Segment 2
2012-10-15,39.9999995,900.000002,Segment 3
2012-10-15,39.9999995,919.99999725,Segment 4
2012-11-15,49.9999995,940.000006,Segment 1
2012-11-15,54.99999975,110,Segment 2
2012-11-15,50.0000005,950.0000124999999,Segment 3
2012-11-15,39.9999995,920.00000125,Segment 4
2012-12-15,55,990.000012,Segment 1
2012-12-15,50.0000005,1009.9999990000001,Segment 2
2012-12-15,39.9999995,989.9999939999999,Segment 3
2012-12-15,39.9999995,1209.9999967499998,Segment 4
2013-01-15,75,1400,Segment 1
2013-01-15,40,1080,Segment 2
2013-01-15,40,1220,Segment 3
2013-01-15,75,1355,Segment 4
2013-02-15,80,1385,Segment 1
2013-02-15,50,1210,Segment 2
2013-02-15,40,1180,Segment 3
2013-02-15,75,1450,Segment 4
2013-03-15,100,1300,Segment 1
2013-03-15,60,1240,Segment 2
2013-03-15,50,1060,Segment 3
2013-03-15,105,1512.5,Segment 4
2013-04-15,85,1000,Segment 1
2013-04-15,49.5,860,Segment 2
2013-04-15,40,845,Segment 3
2013-04-15,50,1075,Segment 4
2013-05-15,85,1010,Segment 1
2013-05-15,41.75,820,Segment 2
2013-05-15,35,735,Segment 3
2013-05-15,70,1170,Segment 4
2013-06-15,96.25,998.75,Segment 1
2013-06-15,43.75,737.5,Segment 2
2013-06-15,30,735,Segment 3
2013-06-15,65,900,Segment 4
2013-07-15,83.75,1002.5,Segment 1
2013-07-15,44.5,710,Segment 2
2013-07-15,30,695,Segment 3
2013-07-15,65,910,Segment 4
2013-08-15,88.75,1026.25,Segment 1
2013-08-15,46,775,Segment 2
2013-08-15,30,670,Segment 3
2013-08-15,60,925,Segment 4
2013-09-15,100.625,1160,Segment 1
2013-09-15,46.625,890,Segment 2
2013-09-15,35,805,Segment 3
2013-09-15,57.5,970,Segment 4
2013-10-15,115,1110,Segment 1
2013-10-15,55.333333333333336,840,Segment 2
2013-10-15,40,900,Segment 3
2013-10-15,50,1035,Segment 4
2013-11-15,77.5,1005,Segment 1
2013-11-15,50,830,Segment 2
2013-11-15,40,975,Segment 3
2013-11-15,55,1335,Segment 4
2013-12-15,70,1052.5,Segment 1
2013-12-15,40,770,Segment 2
2013-12-15,40,930,Segment 3
2013-12-15,50,1425,Segment 4
2014-01-15,78.75,1120,Segment 1
2014-01-15,40,940,Segment 2
2014-01-15,80,1260,Segment 3
2014-01-15,135,1160,Segment 4
2014-02-15,92.5,1262.5,Segment 1
2014-02-15,60,1080,Segment 2
2014-02-15,50,1000,Segment 3
2014-02-15,102.5,1205,Segment 4
2014-03-15,80,1112.5,Segment 1
2014-03-15,60,970,Segment 2
2014-03-15,60,1010,Segment 3
2014-03-15,85,1087.5,Segment 4
2014-04-15,100,1027.5,Segment 1
2014-04-15,60,870,Segment 2
2014-04-15,50,815,Segment 3
2014-04-15,80,955,Segment 4
2014-05-15,77.5,971.25,Segment 1
2014-05-15,50,845,Segment 2
2014-05-15,40,875,Segment 3
2014-05-15,65,1175,Segment 4
2014-06-15,90,1012.5,Segment 1
2014-06-15,47.5,672.5,Segment 2
2014-06-15,35,675,Segment 3
2014-06-15,62.5,1037.5,Segment 4
2014-07-15,136.25,1235,Segment 1
2014-07-15,45,840,Segment 2
2014-07-15,35,670,Segment 3
2014-07-15,42.5,747.5,Segment 4
2014-08-15,87.5,1076.25,Segment 1
2014-08-15,35,720,Segment 2
2014-08-15,25,645,Segment 3
2014-08-15,40,835,Segment 4
2014-09-15,97.5,1088.75,Segment 1
2014-09-15,45,825,Segment 2
2014-09-15,30,675,Segment 3
2014-09-15,42.5,737.5,Segment 4
2014-10-15,97.5,1160,Segment 1
2014-10-15,50,930,Segment 2
2014-10-15,30,760,Segment 3
2014-10-15,40,970,Segment 4
2014-11-15,70,1165,Segment 1
2014-11-15,40,880,Segment 2
2014-11-15,40,1010,Segment 3
2014-11-15,45,1385,Segment 4
2014-12-15,77.5,1340,Segment 1
2014-12-15,40,980,Segment 2
2014-12-15,40,1260,Segment 3
2014-12-15,120,1865,Segment 4
2015-01-15,70,1355,Segment 1
2015-01-15,50,1130,Segment 2
2015-01-15,40,960,Segment 3
2015-01-15,85,1320,Segment 4
2015-02-15,85,1605,Segment 1
2015-02-15,50,1150,Segment 2
2015-02-15,40,1070,Segment 3
2015-02-15,70,1395,Segment 4
2015-03-15,72.5,1125,Segment 1
2015-03-15,50,970,Segment 2
2015-03-15,40,930,Segment 3
2015-03-15,60,1240,Segment 4
2015-04-15,85,940,Segment 1
2015-04-15,50,860,Segment 2
2015-04-15,55,935,Segment 3
2015-04-15,110,1220,Segment 4
2015-05-15,75,997.5,Segment 1
2015-05-15,45,830,Segment 2
2015-05-15,30,700,Segment 3
2015-05-15,50,920,Segment 4
2015-06-15,72.5,1061.25,Segment 1
2015-06-15,30,715,Segment 2
2015-06-15,20,680,Segment 3
2015-06-15,52.5,917.5,Segment 4
2015-07-15,110,1311.25,Segment 1
2015-07-15,35,780,Segment 2
2015-07-15,30,650,Segment 3
2015-07-15,65,850,Segment 4
2015-08-15,106.25,1366.25,Segment 1
2015-08-15,35,865,Segment 2
2015-08-15,25,625,Segment 3
2015-08-15,42.5,806.25,Segment 4
2015-09-15,125,1346.25,Segment 1
2015-09-15,45,940,Segment 2
2015-09-15,35,817.5,Segment 3
2015-09-15,42.5,812.5,Segment 4
2015-10-15,75,1067.5,Segment 1
2015-10-15,50,970,Segment 2
2015-10-15,70,1180,Segment 3
2015-10-15,60,1170,Segment 4
2015-11-15,67.5,957.5,Segment 1
2015-11-15,40,950,Segment 2
2015-11-15,60,1200,Segment 3
2015-11-15,120,1200,Segment 4
2015-12-15,82.5,1100,Segment 1
2015-12-15,50,1030,Segment 2
2015-12-15,40,1020,Segment 3
2015-12-15,45,1030,Segment 4
2016-01-15,72.5,975,Segment 1
2016-01-15,60,940,Segment 2
2016-01-15,50,940,Segment 3
2016-01-15,55,1005,Segment 4
2016-02-15,75,1145,Segment 1
2016-02-15,60,1010,Segment 2
2016-02-15,100,1220,Segment 3
2016-02-15,170,1490,Segment 4
2016-03-15,85,1040,Segment 1
2016-03-15,70,1050,Segment 2
2016-03-15,50,880,Segment 3
2016-03-15,85,1055,Segment 4
2016-04-15,82.5,907.5,Segment 1
2016-04-15,60,870,Segment 2
2016-04-15,40,940,Segment 3
2016-04-15,65,1270,Segment 4
2016-05-15,80,948.75,Segment 1
2016-05-15,35,730,Segment 2
2016-05-15,47.5,975,Segment 3
2016-05-15,72.5,1173.75,Segment 4
2016-06-15,92.5,1155,Segment 1
2016-06-15,40,790,Segment 2
2016-06-15,40,695,Segment 3
2016-06-15,55,1015,Segment 4
2016-07-15,95,1110,Segment 1
2016-07-15,40,860,Segment 2
2016-07-15,30,860,Segment 3
2016-07-15,60,930,Segment 4
2016-08-15,85,1035,Segment 1
2016-08-15,40,810,Segment 2
2016-08-15,30,700,Segment 3
2016-08-15,45,775,Segment 4
2016-09-15,120,1135,Segment 1
2016-09-15,50,930,Segment 2
2016-09-15,30,850,Segment 3
2016-09-15,40,865,Segment 4
2016-10-15,55,890,Segment 1
2016-10-15,40,930,Segment 2
2016-10-15,50,1130,Segment 3
2016-10-15,65,1180,Segment 4
2016-11-15,70,965,Segment 1
2016-11-15,50,880,Segment 2
2016-11-15,40,980,Segment 3
2016-11-15,40,1160,Segment 4
2016-12-15,65,940,Segment 1
2016-12-15,40,960,Segment 2
2016-12-15,30,1010,Segment 3
2016-12-15,40,1700,Segment 4
2017-01-15,60,1225,Segment 1
2017-01-15,30,880,Segment 2
2017-01-15,40,1050,Segment 3
2017-01-15,120,1555,Segment 4
2017-02-15,70,1195,Segment 1
2017-02-15,40,980,Segment 2
2017-02-15,40,1070,Segment 3
2017-02-15,60,1445,Segment 4
2017-03-15,75,1035,Segment 1
2017-03-15,50,860,Segment 2
2017-03-15,40,810,Segment 3
2017-03-15,40,1310,Segment 4
2017-04-15,70,1000,Segment 1
2017-04-15,40,800,Segment 2
2017-04-15,30,780,Segment 3
2017-04-15,45,1150,Segment 4
2017-05-15,85,1000,Segment 1
2017-05-15,50.5,770,Segment 2
2017-05-15,50,790,Segment 3
2017-05-15,55,870,Segment 4
2017-06-15,60,945,Segment 1
2017-06-15,42.833333333333336,690,Segment 2
2017-06-15,60,860,Segment 3
2017-06-15,190,1285,Segment 4
2017-07-15,90,1110,Segment 1
2017-07-15,48.333333333333336,830,Segment 2
2017-07-15,30,750,Segment 3
2017-07-15,40,820,Segment 4
2017-08-15,105,1260,Segment 1
2017-08-15,53.666666666666664,890,Segment 2
2017-08-15,40,850,Segment 3
2017-08-15,60,1005,Segment 4
2017-09-15,95,1260,Segment 1
2017-09-15,59,1010,Segment 2
2017-09-15,40,1010,Segment 3
2017-09-15,55,1210,Segment 4
2017-10-15,105,1360,Segment 1
2017-10-15,60.75,1010,Segment 2
2017-10-15,50,940,Segment 3
2017-10-15,65,1190,Segment 4
2017-11-15,85,1165,Segment 1
2017-11-15,60,930,Segment 2
2017-11-15,50,960,Segment 3
2017-11-15,55,1440,Segment 4
2017-12-15,95,1530,Segment 1
2017-12-15,60,1010,Segment 2
2017-12-15,40,1060,Segment 3
2017-12-15,40,1465,Segment 4
2018-01-15,50,1200,Segment 2
2018-01-15,40,1270,Segment 3
2018-01-15,55,1975,Segment 4
2018-02-15,60,1575,Segment 1
2018-02-15,50,1270,Segment 2
2018-02-15,70,1580,Segment 3
2018-02-15,90,1500,Segment 4
2018-03-15,80,1415,Segment 1
2018-03-15,50,1180,Segment 2
2018-03-15,50,1390,Segment 3
2018-03-15,90,1545,Segment 4
2018-04-15,75,1010,Segment 1
2018-04-15,48.166666666666664,1000,Segment 2
2018-04-15,50,1100,Segment 3
2018-04-15,55,1220,Segment 4
2018-05-15,95,1340,Segment 1
2018-05-15,53.625,1170,Segment 2
2018-05-15,50,1120,Segment 3
2018-05-15,55,1080,Segment 4
2018-06-15,60,937.5,Segment 1
2018-06-15,44.166666666666664,810,Segment 2
2018-06-15,40,760,Segment 3
2018-06-15,55,1010,Segment 4
2018-07-15,80,1085,Segment 1
2018-07-15,40.833333333333336,860,Segment 2
2018-07-15,30,705,Segment 3
2018-07-15,40,805,Segment 4
2018-08-15,38.75,NaN,Segment 2
2018-09-15,52.5,NaN,Segment 2
2018-10-15,52,NaN,Segment 2
